--
-- PostgreSQL database dump
--

-- Dumped from database version 14.17 (Homebrew)
-- Dumped by pg_dump version 14.17 (Homebrew)

SET statement_timeout = 0;
SET lock_timeout = 0;
SET idle_in_transaction_session_timeout = 0;
SET client_encoding = 'UTF8';
SET standard_conforming_strings = on;
SELECT pg_catalog.set_config('search_path', '', false);
SET check_function_bodies = false;
SET xmloption = content;
SET client_min_messages = warning;
SET row_security = off;

SET default_tablespace = '';

SET default_table_access_method = heap;

--
-- Name: banner; Type: TABLE; Schema: public; Owner: epic7_user
--

CREATE TABLE public.banner (
    id bigint NOT NULL,
    created_at timestamp(6) without time zone,
    ends_at timestamp(6) without time zone,
    name character varying(255),
    starts_at timestamp(6) without time zone
);


ALTER TABLE public.banner OWNER TO epic7_user;

--
-- Name: banner_heroes; Type: TABLE; Schema: public; Owner: epic7_user
--

CREATE TABLE public.banner_heroes (
    banner_id bigint NOT NULL,
    hero_id bigint NOT NULL
);


ALTER TABLE public.banner_heroes OWNER TO epic7_user;

--
-- Name: banner_id_seq; Type: SEQUENCE; Schema: public; Owner: epic7_user
--

ALTER TABLE public.banner ALTER COLUMN id ADD GENERATED BY DEFAULT AS IDENTITY (
    SEQUENCE NAME public.banner_id_seq
    START WITH 1
    INCREMENT BY 1
    NO MINVALUE
    NO MAXVALUE
    CACHE 1
);


--
-- Name: equipment; Type: TABLE; Schema: public; Owner: epic7_user
--

CREATE TABLE public.equipment (
    id bigint NOT NULL,
    attack_bonus integer,
    defense_bonus integer,
    experience integer,
    health_bonus integer,
    in_use boolean,
    level integer,
    name character varying(255) NOT NULL,
    rarity character varying(255) NOT NULL,
    speed_bonus integer,
    type character varying(255),
    CONSTRAINT equipment_type_check CHECK (((type)::text = ANY ((ARRAY['WEAPON'::character varying, 'ARMOR'::character varying, 'NECKLACE'::character varying, 'BOOTS'::character varying])::text[])))
);


ALTER TABLE public.equipment OWNER TO epic7_user;

--
-- Name: equipment_id_seq; Type: SEQUENCE; Schema: public; Owner: epic7_user
--

ALTER TABLE public.equipment ALTER COLUMN id ADD GENERATED BY DEFAULT AS IDENTITY (
    SEQUENCE NAME public.equipment_id_seq
    START WITH 1
    INCREMENT BY 1
    NO MINVALUE
    NO MAXVALUE
    CACHE 1
);


--
-- Name: guild_membership; Type: TABLE; Schema: public; Owner: epic7_user
--

CREATE TABLE public.guild_membership (
    id bigint NOT NULL,
    join_date timestamp(6) with time zone,
    role character varying(255) NOT NULL,
    guild_id bigint NOT NULL,
    user_id bigint NOT NULL
);


ALTER TABLE public.guild_membership OWNER TO epic7_user;

--
-- Name: guild_membership_id_seq; Type: SEQUENCE; Schema: public; Owner: epic7_user
--

ALTER TABLE public.guild_membership ALTER COLUMN id ADD GENERATED BY DEFAULT AS IDENTITY (
    SEQUENCE NAME public.guild_membership_id_seq
    START WITH 1
    INCREMENT BY 1
    NO MINVALUE
    NO MAXVALUE
    CACHE 1
);


--
-- Name: guilds; Type: TABLE; Schema: public; Owner: epic7_user
--

CREATE TABLE public.guilds (
    id bigint NOT NULL,
    description character varying(255),
    name character varying(255) NOT NULL
);


ALTER TABLE public.guilds OWNER TO epic7_user;

--
-- Name: guilds_id_seq; Type: SEQUENCE; Schema: public; Owner: epic7_user
--

ALTER TABLE public.guilds ALTER COLUMN id ADD GENERATED BY DEFAULT AS IDENTITY (
    SEQUENCE NAME public.guilds_id_seq
    START WITH 1
    INCREMENT BY 1
    NO MINVALUE
    NO MAXVALUE
    CACHE 1
);


--
-- Name: heroes; Type: TABLE; Schema: public; Owner: epic7_user
--

CREATE TABLE public.heroes (
    id bigint NOT NULL,
    base_attack integer NOT NULL,
    base_defense integer NOT NULL,
    base_speed integer NOT NULL,
    element character varying(255) NOT NULL,
    health integer NOT NULL,
    name character varying(255) NOT NULL,
    rarity character varying(255) NOT NULL,
    code character varying(255) NOT NULL
);


ALTER TABLE public.heroes OWNER TO epic7_user;

--
-- Name: heroes_id_seq; Type: SEQUENCE; Schema: public; Owner: epic7_user
--

ALTER TABLE public.heroes ALTER COLUMN id ADD GENERATED BY DEFAULT AS IDENTITY (
    SEQUENCE NAME public.heroes_id_seq
    START WITH 1
    INCREMENT BY 1
    NO MINVALUE
    NO MAXVALUE
    CACHE 1
);


--
-- Name: player_equipment; Type: TABLE; Schema: public; Owner: epic7_user
--

CREATE TABLE public.player_equipment (
    id bigint NOT NULL,
    bonus_attack integer,
    bonus_defense integer,
    bonus_health integer,
    bonus_speed integer,
    experience integer NOT NULL,
    level integer NOT NULL,
    equipment_id bigint NOT NULL,
    player_hero_id bigint,
    user_id bigint NOT NULL
);


ALTER TABLE public.player_equipment OWNER TO epic7_user;

--
-- Name: player_equipment_id_seq; Type: SEQUENCE; Schema: public; Owner: epic7_user
--

ALTER TABLE public.player_equipment ALTER COLUMN id ADD GENERATED BY DEFAULT AS IDENTITY (
    SEQUENCE NAME public.player_equipment_id_seq
    START WITH 1
    INCREMENT BY 1
    NO MINVALUE
    NO MAXVALUE
    CACHE 1
);


--
-- Name: player_equipments; Type: TABLE; Schema: public; Owner: epic7_user
--

CREATE TABLE public.player_equipments (
    id bigint NOT NULL,
    experience integer NOT NULL,
    is_locked boolean NOT NULL,
    level integer NOT NULL,
    hero_id bigint NOT NULL,
    player_hero_id bigint NOT NULL,
    user_id bigint NOT NULL
);


ALTER TABLE public.player_equipments OWNER TO epic7_user;

--
-- Name: player_equipments_id_seq; Type: SEQUENCE; Schema: public; Owner: epic7_user
--

ALTER TABLE public.player_equipments ALTER COLUMN id ADD GENERATED BY DEFAULT AS IDENTITY (
    SEQUENCE NAME public.player_equipments_id_seq
    START WITH 1
    INCREMENT BY 1
    NO MINVALUE
    NO MAXVALUE
    CACHE 1
);


--
-- Name: player_heroes; Type: TABLE; Schema: public; Owner: epic7_user
--

CREATE TABLE public.player_heroes (
    id bigint NOT NULL,
    experience integer NOT NULL,
    is_locked boolean NOT NULL,
    level integer NOT NULL,
    hero_id bigint NOT NULL,
    user_id bigint NOT NULL,
    obtained_at timestamp(6) with time zone NOT NULL
);


ALTER TABLE public.player_heroes OWNER TO epic7_user;

--
-- Name: player_heroes_id_seq; Type: SEQUENCE; Schema: public; Owner: epic7_user
--

ALTER TABLE public.player_heroes ALTER COLUMN id ADD GENERATED BY DEFAULT AS IDENTITY (
    SEQUENCE NAME public.player_heroes_id_seq
    START WITH 1
    INCREMENT BY 1
    NO MINVALUE
    NO MAXVALUE
    CACHE 1
);


--
-- Name: shop_item; Type: TABLE; Schema: public; Owner: epic7_user
--

CREATE TABLE public.shop_item (
    id bigint NOT NULL,
    created_at timestamp(6) without time zone,
    description character varying(255),
    end_at timestamp(6) without time zone,
    limited_time boolean NOT NULL,
    max_purchase_per_user integer,
    name character varying(255),
    price_in_diamonds integer NOT NULL,
    price_in_gold integer NOT NULL,
    start_at timestamp(6) without time zone,
    target_id bigint,
    type character varying(255),
    CONSTRAINT shop_item_type_check CHECK (((type)::text = ANY ((ARRAY['HERO'::character varying, 'EQUIPMENT'::character varying, 'GOLD'::character varying, 'DIAMOND'::character varying])::text[])))
);


ALTER TABLE public.shop_item OWNER TO epic7_user;

--
-- Name: shop_item_id_seq; Type: SEQUENCE; Schema: public; Owner: epic7_user
--

ALTER TABLE public.shop_item ALTER COLUMN id ADD GENERATED BY DEFAULT AS IDENTITY (
    SEQUENCE NAME public.shop_item_id_seq
    START WITH 1
    INCREMENT BY 1
    NO MINVALUE
    NO MAXVALUE
    CACHE 1
);


--
-- Name: shop_purchase; Type: TABLE; Schema: public; Owner: epic7_user
--

CREATE TABLE public.shop_purchase (
    id bigint NOT NULL,
    purchased_at timestamp(6) without time zone,
    quantity integer NOT NULL,
    shop_item_id bigint NOT NULL,
    user_id bigint NOT NULL
);


ALTER TABLE public.shop_purchase OWNER TO epic7_user;

--
-- Name: shop_purchase_id_seq; Type: SEQUENCE; Schema: public; Owner: epic7_user
--

ALTER TABLE public.shop_purchase ALTER COLUMN id ADD GENERATED BY DEFAULT AS IDENTITY (
    SEQUENCE NAME public.shop_purchase_id_seq
    START WITH 1
    INCREMENT BY 1
    NO MINVALUE
    NO MAXVALUE
    CACHE 1
);


--
-- Name: summons; Type: TABLE; Schema: public; Owner: epic7_user
--

CREATE TABLE public.summons (
    id bigint NOT NULL,
    probability double precision NOT NULL,
    summon_date timestamp(6) with time zone NOT NULL,
    hero_id bigint NOT NULL,
    user_id bigint NOT NULL
);


ALTER TABLE public.summons OWNER TO epic7_user;

--
-- Name: summons_id_seq; Type: SEQUENCE; Schema: public; Owner: epic7_user
--

ALTER TABLE public.summons ALTER COLUMN id ADD GENERATED BY DEFAULT AS IDENTITY (
    SEQUENCE NAME public.summons_id_seq
    START WITH 1
    INCREMENT BY 1
    NO MINVALUE
    NO MAXVALUE
    CACHE 1
);


--
-- Name: users; Type: TABLE; Schema: public; Owner: epic7_user
--

CREATE TABLE public.users (
    id bigint NOT NULL,
    diamonds integer NOT NULL,
    email character varying(255) NOT NULL,
    energy integer NOT NULL,
    gold integer NOT NULL,
    last_energy_update timestamp(6) with time zone,
    level integer NOT NULL,
    password character varying(255) NOT NULL,
    username character varying(255) NOT NULL
);


ALTER TABLE public.users OWNER TO epic7_user;

--
-- Name: users_id_seq; Type: SEQUENCE; Schema: public; Owner: epic7_user
--

ALTER TABLE public.users ALTER COLUMN id ADD GENERATED BY DEFAULT AS IDENTITY (
    SEQUENCE NAME public.users_id_seq
    START WITH 1
    INCREMENT BY 1
    NO MINVALUE
    NO MAXVALUE
    CACHE 1
);


--
-- Data for Name: banner; Type: TABLE DATA; Schema: public; Owner: epic7_user
--

COPY public.banner (id, created_at, ends_at, name, starts_at) FROM stdin;
1	2025-03-28 23:30:36.40396	2025-04-27 23:30:36.4035	Bannière de lancement	2025-03-27 23:30:36.403476
\.


--
-- Data for Name: banner_heroes; Type: TABLE DATA; Schema: public; Owner: epic7_user
--

COPY public.banner_heroes (banner_id, hero_id) FROM stdin;
1	1
1	2
\.


--
-- Data for Name: equipment; Type: TABLE DATA; Schema: public; Owner: epic7_user
--

COPY public.equipment (id, attack_bonus, defense_bonus, experience, health_bonus, in_use, level, name, rarity, speed_bonus, type) FROM stdin;
1	150	0	0	0	\N	1	Épée de feu	RARE	0	WEAPON
2	0	120	0	50	\N	1	Armure lourde	NORMAL	0	ARMOR
3	0	0	0	0	\N	1	Bottes agiles	EPIC	60	BOOTS
\.


--
-- Data for Name: guild_membership; Type: TABLE DATA; Schema: public; Owner: epic7_user
--

COPY public.guild_membership (id, join_date, role, guild_id, user_id) FROM stdin;
1	\N	leader	1	1
2	\N	member	1	2
\.


--
-- Data for Name: guilds; Type: TABLE DATA; Schema: public; Owner: epic7_user
--

COPY public.guilds (id, description, name) FROM stdin;
1	Guild RP active	Chevaliers de l'Aube
\.


--
-- Data for Name: heroes; Type: TABLE DATA; Schema: public; Owner: epic7_user
--

COPY public.heroes (id, base_attack, base_defense, base_speed, element, health, name, rarity, code) FROM stdin;
1	100	100	100	DARK	1000	Hwayoung	LEGENDARY	HWAYOUNG
2	100	100	100	DARK	1000	Ml Piera	EPIC	ML-PIERA
3	100	100	100	ICE	1000	Mavuika	EPIC	MAVUIKA
4	100	100	100	LIGHT	1000	Krau	NORMAL	KRAU
\.


--
-- Data for Name: player_equipment; Type: TABLE DATA; Schema: public; Owner: epic7_user
--

COPY public.player_equipment (id, bonus_attack, bonus_defense, bonus_health, bonus_speed, experience, level, equipment_id, player_hero_id, user_id) FROM stdin;
3	0	0	0	0	0	1	3	3	2
1	0	0	0	0	0	1	1	\N	1
2	0	0	0	0	0	1	2	\N	1
\.


--
-- Data for Name: player_equipments; Type: TABLE DATA; Schema: public; Owner: epic7_user
--

COPY public.player_equipments (id, experience, is_locked, level, hero_id, player_hero_id, user_id) FROM stdin;
\.


--
-- Data for Name: player_heroes; Type: TABLE DATA; Schema: public; Owner: epic7_user
--

COPY public.player_heroes (id, experience, is_locked, level, hero_id, user_id, obtained_at) FROM stdin;
1	0	f	1	1	1	2025-03-28 23:30:36.363093+01
2	0	f	1	2	1	2025-03-28 23:30:36.363094+01
3	0	f	1	3	2	2025-03-28 23:30:36.363095+01
\.


--
-- Data for Name: shop_item; Type: TABLE DATA; Schema: public; Owner: epic7_user
--

COPY public.shop_item (id, created_at, description, end_at, limited_time, max_purchase_per_user, name, price_in_diamonds, price_in_gold, start_at, target_id, type) FROM stdin;
1	2025-03-28 23:30:36.413757	Ajoute 100 diamants	2025-04-27 23:30:36.413089	f	3	Pack de Diamants	50	0	2025-03-27 23:30:36.413089	\N	DIAMOND
2	2025-03-28 23:30:36.41518	Ajoute 1000 gold	2025-04-27 23:30:36.413089	f	\N	Pack d'Or	20	0	2025-03-27 23:30:36.413089	\N	GOLD
3	2025-03-28 23:30:36.416317	Ajoutez ce héros à votre collection	2025-04-04 23:30:36.413089	t	1	Héros exclusif : Hwayoung	80	0	2025-03-27 23:30:36.413089	1	HERO
4	2025-03-28 23:30:36.418135	Recevez cet équipement directement dans votre inventaire	2025-04-12 23:30:36.413089	f	\N	Équipement rare : Épée de feu	0	1000	2025-03-27 23:30:36.413089	1	EQUIPMENT
\.


--
-- Data for Name: shop_purchase; Type: TABLE DATA; Schema: public; Owner: epic7_user
--

COPY public.shop_purchase (id, purchased_at, quantity, shop_item_id, user_id) FROM stdin;
\.


--
-- Data for Name: summons; Type: TABLE DATA; Schema: public; Owner: epic7_user
--

COPY public.summons (id, probability, summon_date, hero_id, user_id) FROM stdin;
\.


--
-- Data for Name: users; Type: TABLE DATA; Schema: public; Owner: epic7_user
--

COPY public.users (id, diamonds, email, energy, gold, last_energy_update, level, password, username) FROM stdin;
1	100	hermas@example.com	100	5000	2025-03-28 23:30:35.975923+01	1	$2a$10$iGtJ72PRWsEQeLXy4BG8KOKOh3NICvcFm9vQGkbDgHhkYoFCKZE96	hermas
2	50	arya@example.com	100	3000	2025-03-28 23:30:36.06477+01	1	$2a$10$0CWLUTt36C4Y5GuNFfjkMuY0UGf0b.X1fxg3UNBG05KyYP98XV/tu	arya
\.


--
-- Name: banner_id_seq; Type: SEQUENCE SET; Schema: public; Owner: epic7_user
--

SELECT pg_catalog.setval('public.banner_id_seq', 1, true);


--
-- Name: equipment_id_seq; Type: SEQUENCE SET; Schema: public; Owner: epic7_user
--

SELECT pg_catalog.setval('public.equipment_id_seq', 3, true);


--
-- Name: guild_membership_id_seq; Type: SEQUENCE SET; Schema: public; Owner: epic7_user
--

SELECT pg_catalog.setval('public.guild_membership_id_seq', 2, true);


--
-- Name: guilds_id_seq; Type: SEQUENCE SET; Schema: public; Owner: epic7_user
--

SELECT pg_catalog.setval('public.guilds_id_seq', 1, true);


--
-- Name: heroes_id_seq; Type: SEQUENCE SET; Schema: public; Owner: epic7_user
--

SELECT pg_catalog.setval('public.heroes_id_seq', 4, true);


--
-- Name: player_equipment_id_seq; Type: SEQUENCE SET; Schema: public; Owner: epic7_user
--

SELECT pg_catalog.setval('public.player_equipment_id_seq', 3, true);


--
-- Name: player_equipments_id_seq; Type: SEQUENCE SET; Schema: public; Owner: epic7_user
--

SELECT pg_catalog.setval('public.player_equipments_id_seq', 1, false);


--
-- Name: player_heroes_id_seq; Type: SEQUENCE SET; Schema: public; Owner: epic7_user
--

SELECT pg_catalog.setval('public.player_heroes_id_seq', 3, true);


--
-- Name: shop_item_id_seq; Type: SEQUENCE SET; Schema: public; Owner: epic7_user
--

SELECT pg_catalog.setval('public.shop_item_id_seq', 4, true);


--
-- Name: shop_purchase_id_seq; Type: SEQUENCE SET; Schema: public; Owner: epic7_user
--

SELECT pg_catalog.setval('public.shop_purchase_id_seq', 1, false);


--
-- Name: summons_id_seq; Type: SEQUENCE SET; Schema: public; Owner: epic7_user
--

SELECT pg_catalog.setval('public.summons_id_seq', 1, false);


--
-- Name: users_id_seq; Type: SEQUENCE SET; Schema: public; Owner: epic7_user
--

SELECT pg_catalog.setval('public.users_id_seq', 2, true);


--
-- Name: banner banner_pkey; Type: CONSTRAINT; Schema: public; Owner: epic7_user
--

ALTER TABLE ONLY public.banner
    ADD CONSTRAINT banner_pkey PRIMARY KEY (id);


--
-- Name: equipment equipment_pkey; Type: CONSTRAINT; Schema: public; Owner: epic7_user
--

ALTER TABLE ONLY public.equipment
    ADD CONSTRAINT equipment_pkey PRIMARY KEY (id);


--
-- Name: guild_membership guild_membership_pkey; Type: CONSTRAINT; Schema: public; Owner: epic7_user
--

ALTER TABLE ONLY public.guild_membership
    ADD CONSTRAINT guild_membership_pkey PRIMARY KEY (id);


--
-- Name: guilds guilds_pkey; Type: CONSTRAINT; Schema: public; Owner: epic7_user
--

ALTER TABLE ONLY public.guilds
    ADD CONSTRAINT guilds_pkey PRIMARY KEY (id);


--
-- Name: heroes heroes_pkey; Type: CONSTRAINT; Schema: public; Owner: epic7_user
--

ALTER TABLE ONLY public.heroes
    ADD CONSTRAINT heroes_pkey PRIMARY KEY (id);


--
-- Name: player_equipment player_equipment_pkey; Type: CONSTRAINT; Schema: public; Owner: epic7_user
--

ALTER TABLE ONLY public.player_equipment
    ADD CONSTRAINT player_equipment_pkey PRIMARY KEY (id);


--
-- Name: player_equipments player_equipments_pkey; Type: CONSTRAINT; Schema: public; Owner: epic7_user
--

ALTER TABLE ONLY public.player_equipments
    ADD CONSTRAINT player_equipments_pkey PRIMARY KEY (id);


--
-- Name: player_heroes player_heroes_pkey; Type: CONSTRAINT; Schema: public; Owner: epic7_user
--

ALTER TABLE ONLY public.player_heroes
    ADD CONSTRAINT player_heroes_pkey PRIMARY KEY (id);


--
-- Name: shop_item shop_item_pkey; Type: CONSTRAINT; Schema: public; Owner: epic7_user
--

ALTER TABLE ONLY public.shop_item
    ADD CONSTRAINT shop_item_pkey PRIMARY KEY (id);


--
-- Name: shop_purchase shop_purchase_pkey; Type: CONSTRAINT; Schema: public; Owner: epic7_user
--

ALTER TABLE ONLY public.shop_purchase
    ADD CONSTRAINT shop_purchase_pkey PRIMARY KEY (id);


--
-- Name: summons summons_pkey; Type: CONSTRAINT; Schema: public; Owner: epic7_user
--

ALTER TABLE ONLY public.summons
    ADD CONSTRAINT summons_pkey PRIMARY KEY (id);


--
-- Name: users uk6dotkott2kjsp8vw4d0m25fb7; Type: CONSTRAINT; Schema: public; Owner: epic7_user
--

ALTER TABLE ONLY public.users
    ADD CONSTRAINT uk6dotkott2kjsp8vw4d0m25fb7 UNIQUE (email);


--
-- Name: guild_membership uk7t3ee68mfd8t65krmnqgxu77a; Type: CONSTRAINT; Schema: public; Owner: epic7_user
--

ALTER TABLE ONLY public.guild_membership
    ADD CONSTRAINT uk7t3ee68mfd8t65krmnqgxu77a UNIQUE (user_id, guild_id);


--
-- Name: heroes ukc33ekx1cm2jbqhdl471dyrdep; Type: CONSTRAINT; Schema: public; Owner: epic7_user
--

ALTER TABLE ONLY public.heroes
    ADD CONSTRAINT ukc33ekx1cm2jbqhdl471dyrdep UNIQUE (name);


--
-- Name: guilds ukjdl3u9rp7vaqkdowxq64ddhso; Type: CONSTRAINT; Schema: public; Owner: epic7_user
--

ALTER TABLE ONLY public.guilds
    ADD CONSTRAINT ukjdl3u9rp7vaqkdowxq64ddhso UNIQUE (name);


--
-- Name: users ukr43af9ap4edm43mmtq01oddj6; Type: CONSTRAINT; Schema: public; Owner: epic7_user
--

ALTER TABLE ONLY public.users
    ADD CONSTRAINT ukr43af9ap4edm43mmtq01oddj6 UNIQUE (username);


--
-- Name: heroes uksoqekyrcyu0rd1et0x9og5ob4; Type: CONSTRAINT; Schema: public; Owner: epic7_user
--

ALTER TABLE ONLY public.heroes
    ADD CONSTRAINT uksoqekyrcyu0rd1et0x9og5ob4 UNIQUE (code);


--
-- Name: users users_pkey; Type: CONSTRAINT; Schema: public; Owner: epic7_user
--

ALTER TABLE ONLY public.users
    ADD CONSTRAINT users_pkey PRIMARY KEY (id);


--
-- Name: guild_membership fk15egsun2cjc20xtohm9ibxg5g; Type: FK CONSTRAINT; Schema: public; Owner: epic7_user
--

ALTER TABLE ONLY public.guild_membership
    ADD CONSTRAINT fk15egsun2cjc20xtohm9ibxg5g FOREIGN KEY (user_id) REFERENCES public.users(id);


--
-- Name: player_equipment fk2l46bxras19epyo6ajrsxf9i8; Type: FK CONSTRAINT; Schema: public; Owner: epic7_user
--

ALTER TABLE ONLY public.player_equipment
    ADD CONSTRAINT fk2l46bxras19epyo6ajrsxf9i8 FOREIGN KEY (player_hero_id) REFERENCES public.player_heroes(id);


--
-- Name: player_equipments fk4m3fdyn7dx9yroa0kevusqymn; Type: FK CONSTRAINT; Schema: public; Owner: epic7_user
--

ALTER TABLE ONLY public.player_equipments
    ADD CONSTRAINT fk4m3fdyn7dx9yroa0kevusqymn FOREIGN KEY (player_hero_id) REFERENCES public.player_heroes(id);


--
-- Name: summons fk5uxpv17a75g31159y8sjfisq2; Type: FK CONSTRAINT; Schema: public; Owner: epic7_user
--

ALTER TABLE ONLY public.summons
    ADD CONSTRAINT fk5uxpv17a75g31159y8sjfisq2 FOREIGN KEY (hero_id) REFERENCES public.heroes(id);


--
-- Name: banner_heroes fk94lihb3o193ldwnwrmomijqha; Type: FK CONSTRAINT; Schema: public; Owner: epic7_user
--

ALTER TABLE ONLY public.banner_heroes
    ADD CONSTRAINT fk94lihb3o193ldwnwrmomijqha FOREIGN KEY (hero_id) REFERENCES public.heroes(id);


--
-- Name: player_equipments fkb7feqmm9iw8tignb6285lwyik; Type: FK CONSTRAINT; Schema: public; Owner: epic7_user
--

ALTER TABLE ONLY public.player_equipments
    ADD CONSTRAINT fkb7feqmm9iw8tignb6285lwyik FOREIGN KEY (hero_id) REFERENCES public.heroes(id);


--
-- Name: player_equipment fkcgqb2701wukjm4jambq4tgfkb; Type: FK CONSTRAINT; Schema: public; Owner: epic7_user
--

ALTER TABLE ONLY public.player_equipment
    ADD CONSTRAINT fkcgqb2701wukjm4jambq4tgfkb FOREIGN KEY (equipment_id) REFERENCES public.equipment(id);


--
-- Name: player_heroes fkcmfpjt820r3yenuj1g0c62mj0; Type: FK CONSTRAINT; Schema: public; Owner: epic7_user
--

ALTER TABLE ONLY public.player_heroes
    ADD CONSTRAINT fkcmfpjt820r3yenuj1g0c62mj0 FOREIGN KEY (hero_id) REFERENCES public.heroes(id);


--
-- Name: shop_purchase fkekgvljxripgecfj38kiuluhmg; Type: FK CONSTRAINT; Schema: public; Owner: epic7_user
--

ALTER TABLE ONLY public.shop_purchase
    ADD CONSTRAINT fkekgvljxripgecfj38kiuluhmg FOREIGN KEY (user_id) REFERENCES public.users(id);


--
-- Name: banner_heroes fkf7qp5wtchd3grpryu2vi8mmx1; Type: FK CONSTRAINT; Schema: public; Owner: epic7_user
--

ALTER TABLE ONLY public.banner_heroes
    ADD CONSTRAINT fkf7qp5wtchd3grpryu2vi8mmx1 FOREIGN KEY (banner_id) REFERENCES public.banner(id);


--
-- Name: player_equipment fkfobct5y8h03cywdgftm79aij9; Type: FK CONSTRAINT; Schema: public; Owner: epic7_user
--

ALTER TABLE ONLY public.player_equipment
    ADD CONSTRAINT fkfobct5y8h03cywdgftm79aij9 FOREIGN KEY (user_id) REFERENCES public.users(id);


--
-- Name: player_heroes fkjneowq3h5a3injud84m2n3akc; Type: FK CONSTRAINT; Schema: public; Owner: epic7_user
--

ALTER TABLE ONLY public.player_heroes
    ADD CONSTRAINT fkjneowq3h5a3injud84m2n3akc FOREIGN KEY (user_id) REFERENCES public.users(id);


--
-- Name: player_equipments fkk9hriokndr5dklibn25v0gc02; Type: FK CONSTRAINT; Schema: public; Owner: epic7_user
--

ALTER TABLE ONLY public.player_equipments
    ADD CONSTRAINT fkk9hriokndr5dklibn25v0gc02 FOREIGN KEY (user_id) REFERENCES public.users(id);


--
-- Name: guild_membership fkm28yuda00eilul26lxtistwcy; Type: FK CONSTRAINT; Schema: public; Owner: epic7_user
--

ALTER TABLE ONLY public.guild_membership
    ADD CONSTRAINT fkm28yuda00eilul26lxtistwcy FOREIGN KEY (guild_id) REFERENCES public.guilds(id);


--
-- Name: summons fkqyv27bo1p6klcufyjqvby8xww; Type: FK CONSTRAINT; Schema: public; Owner: epic7_user
--

ALTER TABLE ONLY public.summons
    ADD CONSTRAINT fkqyv27bo1p6klcufyjqvby8xww FOREIGN KEY (user_id) REFERENCES public.users(id);


--
-- Name: shop_purchase fkt0iqmocppxwtctnftgq1r77jh; Type: FK CONSTRAINT; Schema: public; Owner: epic7_user
--

ALTER TABLE ONLY public.shop_purchase
    ADD CONSTRAINT fkt0iqmocppxwtctnftgq1r77jh FOREIGN KEY (shop_item_id) REFERENCES public.shop_item(id);


--
-- Name: SCHEMA public; Type: ACL; Schema: -; Owner: postgres
--

GRANT ALL ON SCHEMA public TO PUBLIC;
GRANT ALL ON SCHEMA public TO epic7_user;


--
-- PostgreSQL database dump complete
--

